{"cameraMode":{"drawMode":0,"name":"Shaded","section":"Shading Mode"},"sceneLighting":true,"audioPlay":false,"sceneViewState":{"m_AlwaysRefresh":false,"showFog":true,"showSkybox":true,"showFlares":true,"showImageEffects":true,"showParticleSystems":true,"showVisualEffectGraphs":true,"m_FxEnabled":true},"in2DMode":false,"pivot":{"x":15.043031692504883,"y":16.228580474853517,"z":-11.170317649841309},"rotation":{"x":-0.31919991970062258,"y":0.06965452432632446,"z":-0.02327427640557289,"w":-0.9447370767593384},"size":0.04330061003565788,"orthographic":false}