{"cameraMode":{"drawMode":0,"name":"Shaded","section":"Shading Mode"},"sceneLighting":false,"audioPlay":false,"sceneViewState":{"m_AlwaysRefresh":false,"showFog":true,"showSkybox":false,"showFlares":true,"showImageEffects":true,"showParticleSystems":true,"showVisualEffectGraphs":true,"m_FxEnabled":true},"in2DMode":false,"pivot":{"x":1.1777949333190919,"y":0.1455775499343872,"z":-0.11228355765342713},"rotation":{"x":0.0060510337352752689,"y":0.9217009544372559,"z":-0.38731831312179568,"w":0.015044812113046646},"size":1.3085870742797852,"orthographic":false}